<?xml version="1.0" encoding="UTF-8"?>
<beans xmlns="http://www.springframework.org/schema/beans"
	xmlns:aop="http://www.springframework.org/schema/aop" xmlns:context="http://www.springframework.org/schema/context"
	xmlns:jaxrs="http://cxf.apache.org/jaxrs" xmlns:tx="http://www.springframework.org/schema/tx"
	xmlns:xsi="http://www.w3.org/2001/XMLSchema-instance"
	xmlns:jms="http://www.springframework.org/schema/jms"  
	xmlns:p="http://www.springframework.org/schema/p"
	xmlns:task="http://www.springframework.org/schema/task"  
	xsi:schemaLocation="http://www.springframework.org/schema/beans http://www.springframework.org/schema/beans/spring-beans-3.0.xsd http://www.springframework.org/schema/context http://www.springframework.org/schema/context/spring-context.xsd http://www.springframework.org/schema/tx http://www.springframework.org/schema/tx/spring-tx-3.0.xsd http://www.springframework.org/schema/aop http://www.springframework.org/schema/aop/spring-aop-3.0.xsd  http://cxf.apache.org/jaxrs http://cxf.apache.org/schemas/jaxrs.xsd
	 http://www.springframework.org/schema/jms  
    http://www.springframework.org/schema/jms/spring-jms-3.0.xsd 
    http://www.springframework.org/schema/task
	http://www.springframework.org/schema/task/spring-task-3.0.xsd">


	<context:annotation-config />
	<context:component-scan base-package="com.inn.shremmontage" />
	<!--Transactions way declaration -->
	<tx:annotation-driven />
	<task:annotation-driven/>

	<bean id="dataSource" class="org.springframework.jdbc.datasource.DriverManagerDataSource" name="dataSource">
		<property name="driverClassName" value="com.mysql.jdbc.Driver"></property>
		<property name="url" value="jdbc:mysql://localhost:3306/shremmontage"></property>
		<property name="username" value="root"></property>
		<property name="password" value="root"></property>
	</bean>

	
	<bean id="jpaVendorAdapter" class="org.springframework.orm.jpa.vendor.HibernateJpaVendorAdapter">
		<property name="showSql" value="true"></property>
		<property name="databasePlatform" value="org.hibernate.dialect.MySQL5InnoDBDialect"></property>
	</bean>
	
	<bean id="entityManagerFactory" class="org.springframework.orm.jpa.LocalContainerEntityManagerFactoryBean">
		<property name="persistenceUnitName" value="DEFAULT"></property>
		<property name="dataSource" ref="dataSource"></property>
		<property name="persistenceXmlLocation" value="classpath:/META-INF/persistence.xml"></property>
		<property name="jpaVendorAdapter" ref="jpaVendorAdapter"></property>
	</bean>
	
	<bean class="org.springframework.orm.jpa.JpaTransactionManager" name="transactionManager">
		<property name="entityManagerFactory" ref="entityManagerFactory"></property>
	</bean>

			<!--Bean Declaration for the ApplicationContextProvider -->
	<jaxrs:server address="/">		
		<jaxrs:providers>
			<bean class="org.codehaus.jackson.jaxrs.JacksonJaxbJsonProvider"/>
			<bean class="org.apache.cxf.jaxrs.ext.search.SearchContextProvider"/>
		</jaxrs:providers>
		<jaxrs:serviceBeans>	
			<bean class="com.inn.shremmontage.rest.impl.SchoolRestImpl"/>
			<bean class="com.inn.shremmontage.rest.impl.TeacherRestImpl"/>
			<bean class="com.inn.shremmontage.rest.impl.ParentsRestImpl"/>
			<bean class="com.inn.shremmontage.rest.impl.AddressRestImpl"/>
			<bean class="com.inn.shremmontage.rest.impl.ClassRestImpl"/>
			<bean class="com.inn.shremmontage.rest.impl.StudentRestImpl"/>
		</jaxrs:serviceBeans>
	</jaxrs:server>
	
</beans>
